{"created_at":"2019-02-06T09:31:18.123Z","updated_at":"2019-02-28T12:39:35.648Z","title":"Category","uid":"category","_version":2,"inbuilt_class":false,"schema":[{"display_name":"Title","uid":"title","data_type":"text","mandatory":true,"unique":true,"field_metadata":{"_default":true,"version":3},"multiple":false},{"display_name":"URL","uid":"url","data_type":"text","mandatory":false,"field_metadata":{"_default":true,"version":3},"multiple":false,"unique":false},{"data_type":"text","display_name":"Description","uid":"description","field_metadata":{"description":"","default_value":"","multiline":true,"error_message":"","version":3},"format":"","multiple":false,"mandatory":false,"unique":false}],"last_activity":{"environments":[{"uid":"bltf0679d0835481a67","details":[{"locale":"en-us","time":"2019-03-07T10:27:46.864Z"},{"locale":"fr-fr","time":"2019-02-28T12:54:08.803Z"}]},{"uid":"blte6a82d4e11f14b07","details":[{"locale":"en-us","time":"2019-04-09T19:34:19.615Z"},{"locale":"fr-fr","time":"2019-02-28T12:54:08.803Z"}]},{"uid":"bltcdd05c7740b56729","details":[{"locale":"en-us","time":"2019-02-28T12:54:08.803Z"},{"locale":"fr-fr","time":"2019-02-28T12:54:08.803Z"}]},{"uid":"blt1ae17d1409c58326","details":[{"locale":"zh-cn","time":"2018-10-31T13:03:41.080Z"},{"locale":"en-us","time":"2018-10-31T13:03:41.080Z"},{"locale":"hi-in","time":"2018-10-31T13:02:52.269Z"},{"locale":"ja-jp","time":"2018-10-31T13:02:52.269Z"},{"locale":"zh-chs","time":"2018-10-31T13:02:52.269Z"}]},{"uid":"blta3335dfd2f047fdb","details":[{"locale":"zh-cn","time":"2018-10-31T13:03:41.080Z"},{"locale":"en-us","time":"2018-10-31T13:03:41.080Z"},{"locale":"hi-in","time":"2018-10-31T13:02:52.269Z"},{"locale":"ja-jp","time":"2018-10-31T13:02:52.269Z"},{"locale":"zh-chs","time":"2018-10-31T13:02:52.269Z"}]}]},"maintain_revisions":true,"description":"","options":{"is_page":true,"singleton":false,"title":"title","sub_title":[],"url_pattern":"/:title","url_prefix":"/category/"},"abilities":{"get_one_object":true,"get_all_objects":true,"create_object":true,"update_object":true,"delete_object":true,"delete_all_objects":true},"DEFAULT_ACL":[{"k":"others","v":{"read":false,"create":false}},{"k":"users.blt6f74a3d741037299","v":{"read":true,"sub_acl":{"read":true}}}],"SYS_ACL":{"roles":[{"uid":"blt155ac63528f23e34","read":true,"sub_acl":{"read":true,"create":true,"update":true,"publish":true,"delete":true}},{"uid":"blt72d7689015e34455","read":true,"sub_acl":{"read":true,"create":true,"update":true,"publish":true,"delete":true}}]}}