{"created_at":"2019-02-06T09:31:30.642Z","updated_at":"2019-02-28T10:04:25.299Z","title":"Header","uid":"header","_version":2,"inbuilt_class":false,"schema":[{"display_name":"Title","uid":"title","data_type":"text","mandatory":true,"unique":true,"field_metadata":{"_default":true,"version":3},"multiple":false},{"data_type":"file","display_name":"Site Logo","uid":"site_logo","field_metadata":{"description":"","rich_text_type":"standard","image":true},"multiple":false,"mandatory":false,"unique":false},{"data_type":"group","display_name":"Menu","field_metadata":{},"schema":[{"data_type":"text","display_name":"Title","uid":"title","field_metadata":{"description":"","default_value":"","error_message":"","isTitle":true,"version":3},"format":"","mandatory":true,"multiple":false,"unique":false},{"data_type":"reference","display_name":"Category","reference_to":"category","field_metadata":{"ref_multiple":false},"uid":"category","mandatory":true,"multiple":false,"unique":false}],"uid":"navigation","multiple":true,"mandatory":false,"unique":false}],"last_activity":{"environments":[{"uid":"bltf0679d0835481a67","details":[{"locale":"fr-fr","time":"2019-03-04T12:34:48.827Z"},{"locale":"en-us","time":"2019-02-28T12:52:00.927Z"}]},{"uid":"blte6a82d4e11f14b07","details":[{"locale":"en-us","time":"2019-06-26T18:46:57.177Z"},{"locale":"fr-fr","time":"2019-03-04T12:34:48.827Z"}]},{"uid":"bltcdd05c7740b56729","details":[{"locale":"fr-fr","time":"2019-03-04T12:34:48.827Z"},{"locale":"en-us","time":"2019-02-28T12:52:00.927Z"}]},{"uid":"blt1ae17d1409c58326","details":[{"locale":"en-us","time":"2018-10-31T09:34:46.638Z"}]},{"uid":"blta3335dfd2f047fdb","details":[{"locale":"en-us","time":"2018-10-31T09:34:46.638Z"}]}]},"maintain_revisions":true,"description":"","options":{"is_page":false,"singleton":true,"title":"title","sub_title":[]},"abilities":{"get_one_object":true,"get_all_objects":true,"create_object":true,"update_object":true,"delete_object":true,"delete_all_objects":true},"DEFAULT_ACL":[{"k":"others","v":{"read":false,"create":false}},{"k":"users.blt6f74a3d741037299","v":{"read":true,"sub_acl":{"read":true}}}],"SYS_ACL":{"roles":[{"uid":"blt155ac63528f23e34","read":true,"sub_acl":{"read":true,"create":true,"update":true,"publish":true,"delete":true}},{"uid":"blt72d7689015e34455","read":true,"sub_acl":{"read":true,"create":true,"update":true,"publish":true,"delete":true}}]}}